nominal;data;curs;cdx
1;01.09.2010;39,0127;
1;02.09.2010;39,1654;
1;03.09.2010;39,2901;
1;04.09.2010;39,3505;
1;07.09.2010;39,4720;
1;08.09.2010;39,3215;
1;09.09.2010;39,2948;
1;10.09.2010;39,1868;
1;11.09.2010;39,1917;
1;14.09.2010;39,3235;
1;15.09.2010;39,5264;
1;16.09.2010;39,9107;
1;17.09.2010;40,3166;
1;18.09.2010;40,8115;
1;21.09.2010;40,5416;
1;22.09.2010;40,6483;
1;23.09.2010;41,2254;
1;24.09.2010;41,5380;
1;25.09.2010;41,2599;
1;28.09.2010;41,2220;
1;29.09.2010;41,0884;
1;30.09.2010;41,3481;
1;01.10.2010;41,4392;
1;02.10.2010;41,6606;
1;05.10.2010;41,9747;
1;06.10.2010;41,7156;
1;07.10.2010;41,4017;
1;08.10.2010;41,3564;
1;09.10.2010;41,6717;
1;12.10.2010;41,6600;
1;13.10.2010;41,5895;
1;14.10.2010;42,0451;
1;15.10.2010;42,1585;
1;16.10.2010;42,3939;
1;19.10.2010;42,3577;
1;20.10.2010;42,2983;
1;21.10.2010;42,4411;
1;22.10.2010;42,8781;
1;23.10.2010;42,5351;
1;26.10.2010;42,4975;
1;27.10.2010;42,4658;
1;28.10.2010;42,1841;
1;29.10.2010;42,4316;
1;30.10.2010;42,7256;
1;02.11.2010;42,9848;
1;03.11.2010;42,9147;
1;04.11.2010;43,1654;
1;09.11.2010;42,9854;
1;10.11.2010;42,7798;
1;11.11.2010;42,3004;
1;12.11.2010;42,0590;
1;13.11.2010;41,8779;
1;14.11.2010;42,2311;
1;16.11.2010;42,1715;
1;17.11.2010;42,2175;
1;18.11.2010;42,2863;
1;19.11.2010;42,4069;
1;20.11.2010;42,3568;
1;23.11.2010;42,6367;
1;24.11.2010;42,4036;
1;25.11.2010;41,9168;
1;26.11.2010;41,6956;
1;27.11.2010;41,6192;
1;30.11.2010;41,5682;
1;01.12.2010;41,0814;
1;02.12.2010;41,0620;
1;03.12.2010;41,2276;
1;04.12.2010;41,3374;
1;07.12.2010;41,7677;
1;08.12.2010;41,6525;
1;09.12.2010;41,2720;
1;10.12.2010;41,2106;
1;11.12.2010;40,9394;
1;14.12.2010;40,8042;
1;15.12.2010;41,2932;
1;16.12.2010;40,8851;
1;17.12.2010;40,6798;
1;18.12.2010;40,7979;
1;21.12.2010;40,5055;
1;22.12.2010;40,4720;
1;23.12.2010;40,3582;
1;24.12.2010;40,1706;
1;25.12.2010;40,1548;
1;28.12.2010;40,0594;
1;29.12.2010;40,0226;
1;30.12.2010;39,9011;
1;31.12.2010;40,3331;
1;01.01.2011;40,4876;
1;12.01.2011;39,6076;
1;13.01.2011;39,5154;
1;14.01.2011;39,4815;
1;15.01.2011;40,1264;
1;18.01.2011;39,9680;
1;19.01.2011;39,9066;
1;20.01.2011;40,1895;
1;21.01.2011;40,2113;
1;22.01.2011;40,5807;
1;25.01.2011;40,5624;
1;26.01.2011;40,7027;
1;27.01.2011;40,7198;
1;28.01.2011;40,6205;
1;29.01.2011;40,6487;
1;01.02.2011;40,5811;
1;02.02.2011;40,7368;
1;03.02.2011;40,7258;
1;04.02.2011;40,5279;
1;05.02.2011;40,0819;
1;08.02.2011;39,9593;
1;09.02.2011;39,8892;
1;10.02.2011;39,9871;
1;11.02.2011;40,1350;
1;12.02.2011;39,7667;
1;15.02.2011;39,6040;
1;16.02.2011;39,4703;
1;17.02.2011;39,6802;
1;18.02.2011;39,6821;
1;19.02.2011;39,7682;
1;22.02.2011;39,8868;
1;23.02.2011;39,6795;
1;25.02.2011;40,0294;
1;26.02.2011;40,0073;
1;01.03.2011;39,8136;
1;02.03.2011;39,7219;
1;03.03.2011;39,3974;
1;04.03.2011;39,2752;
1;05.03.2011;39,3476;
1;06.03.2011;39,4038;
1;10.03.2011;39,3039;
1;11.03.2011;39,3151;
1;12.03.2011;39,5375;
1;15.03.2011;39,9347;
1;16.03.2011;39,9813;
1;17.03.2011;40,0728;
1;18.03.2011;40,1097;
1;19.03.2011;40,0633;
1;22.03.2011;40,1996;
1;23.03.2011;40,0858;
1;24.03.2011;40,0642;
1;25.03.2011;39,9495;
1;26.03.2011;40,0156;
1;29.03.2011;39,9288;
1;30.03.2011;40,0325;
1;31.03.2011;40,0223;
1;01.04.2011;40,3875;
1;02.04.2011;40,1980;
1;05.04.2011;40,1624;
1;06.04.2011;40,1652;
1;07.04.2011;40,2789;
1;08.04.2011;40,3528;
1;09.04.2011;40,4859;
1;12.04.2011;40,4390;
1;13.04.2011;40,5268;
1;14.04.2011;40,7604;
1;15.04.2011;40,8791;
1;16.04.2011;40,8304;
1;19.04.2011;40,4739;
1;20.04.2011;40,4407;
1;21.04.2011;40,5523;
1;22.04.2011;40,8117;
1;23.04.2011;40,7443;
1;26.04.2011;40,7933;
1;27.04.2011;40,5837;
1;28.04.2011;40,6681;
1;29.04.2011;40,8121;
1;30.04.2011;40,8078;
1;04.05.2011;40,5211;
1;05.05.2011;40,5751;
1;06.05.2011;40,5421;
1;07.05.2011;40,2974;
1;11.05.2011;39,8657;
1;12.05.2011;39,7827;
1;13.05.2011;39,6934;
1;14.05.2011;39,7137;
1;17.05.2011;39,6830;
1;18.05.2011;39,8512;
1;19.05.2011;40,0113;
1;20.05.2011;39,8889;
1;21.05.2011;39,9652;
1;24.05.2011;39,8117;
1;25.05.2011;39,9938;
1;26.05.2011;39,9566;
1;27.05.2011;40,0217;
1;28.05.2011;40,0802;
1;31.05.2011;40,0594;
1;01.06.2011;40,2444;
1;02.06.2011;40,3497;
1;03.06.2011;40,3074;
1;04.06.2011;40,3436;
1;07.06.2011;40,6879;
1;08.06.2011;40,6581;
1;09.06.2011;40,6273;
1;10.06.2011;40,5244;
1;11.06.2011;40,2298;
1;15.06.2011;40,2825;
1;16.06.2011;40,1280;
1;17.06.2011;39,8184;
1;18.06.2011;39,8913;
1;21.06.2011;40,0470;
1;22.06.2011;40,2277;
1;23.06.2011;40,1814;
1;24.06.2011;40,0791;
1;25.06.2011;40,1189;
1;28.06.2011;40,0923;
1;29.06.2011;40,3029;
1;30.06.2011;40,3870;
1;01.07.2011;40,4153;
1;02.07.2011;40,4824;
1;05.07.2011;40,4155;
1;06.07.2011;40,3110;
1;07.07.2011;40,2435;
1;08.07.2011;40,0917;
1;09.07.2011;40,0193;
1;12.07.2011;39,8033;
1;13.07.2011;39,5051;
1;14.07.2011;39,5919;
1;15.07.2011;39,8214;
1;16.07.2011;39,7388;
1;19.07.2011;39,5894;
1;20.07.2011;39,7316;
1;21.07.2011;39,7280;
1;22.07.2011;39,8415;
1;23.07.2011;39,9484;
1;26.07.2011;39,8365;
1;27.07.2011;39,9389;
1;28.07.2011;39,7937;
1;29.07.2011;39,5982;
1;30.07.2011;39,5182;
1;02.08.2011;39,6431;
1;03.08.2011;39,5173;
1;04.08.2011;39,5923;
1;05.08.2011;39,8158;
1;06.08.2011;39,9625;
1;09.08.2011;40,9590;
1;10.08.2011;41,9039;
1;11.08.2011;42,0285;
1;12.08.2011;41,9075;
1;13.08.2011;41,7768;
1;16.08.2011;41,2895;
1;17.08.2011;41,2924;
1;18.08.2011;41,3061;
1;19.08.2011;41,6355;
1;20.08.2011;41,8749;
1;23.08.2011;42,0226;
1;24.08.2011;41,6600;
1;25.08.2011;41,6618;
1;26.08.2011;41,6746;
1;27.08.2011;41,6705;
1;30.08.2011;41,7455;
1;31.08.2011;41,8396;
1;01.09.2011;41,7631;
1;02.09.2011;41,4732;
1;03.09.2011;41,3762;
1;06.09.2011;41,4830;
1;07.09.2011;41,6771;
1;08.09.2011;41,4902;
1;09.09.2011;41,5175;
1;10.09.2011;41,2786;
1;13.09.2011;41,0914;
1;14.09.2011;41,2267;
1;15.09.2011;41,3531;
1;16.09.2011;41,8792;
1;17.09.2011;42,2482;
1;20.09.2011;42,2058;
1;21.09.2011;42,9164;
1;22.09.2011;43,0127;
1;23.09.2011;43,2421;
1;24.09.2011;43,3655;
1;27.09.2011;43,4535;
1;28.09.2011;43,6357;
1;29.09.2011;43,2216;
1;30.09.2011;43,3979;
1;01.10.2011;43,4191;
1;04.10.2011;43,4411;
1;05.10.2011;43,1571;
1;06.10.2011;43,4632;
1;07.10.2011;43,3728;
1;08.10.2011;43,2614;
1;11.10.2011;43,1425;
1;12.10.2011;42,8601;
1;13.10.2011;42,8785;
1;14.10.2011;43,0236;
1;15.10.2011;42,7328;
1;18.10.2011;42,6169;
1;19.10.2011;42,5551;
1;20.10.2011;42,7084;
1;21.10.2011;42,9858;
1;22.10.2011;43,1373;
1;25.10.2011;42,9153;
1;26.10.2011;42,4001;
1;27.10.2011;42,5457;
1;28.10.2011;42,3571;
1;29.10.2011;42,3830;
1;01.11.2011;42,1833;
1;02.11.2011;42,2469;
1;03.11.2011;42,1431;
1;04.11.2011;42,2128;
1;08.11.2011;42,0727;
1;09.11.2011;41,9394;
1;10.11.2011;41,5998;
1;11.11.2011;41,6937;
1;12.11.2011;41,5886;
1;15.11.2011;41,6638;
1;16.11.2011;41,6884;
1;17.11.2011;41,4605;
1;18.11.2011;41,4997;
1;19.11.2011;41,7035;
1;22.11.2011;41,8612;
1;23.11.2011;41,9109;
1;24.11.2011;42,0256;
1;25.11.2011;42,0337;
1;26.11.2011;42,0251;
1;29.11.2011;41,7744;
1;30.11.2011;41,8457;
1;01.12.2011;41,7559;
1;02.12.2011;41,5068;
1;03.12.2011;41,4824;
1;06.12.2011;41,4707;
1;07.12.2011;41,5842;
1;08.12.2011;41,8661;
1;09.12.2011;41,8711;
1;10.12.2011;42,0153;
1;13.12.2011;41,9023;
1;14.12.2011;41,7891;
1;15.12.2011;41,4127;
1;16.12.2011;41,4389;
1;17.12.2011;41,3933;
1;20.12.2011;41,6868;
1;21.12.2011;41,7059;
1;22.12.2011;41,6718;
1;23.12.2011;41,2250;
1;24.12.2011;40,8848;
1;27.12.2011;40,7632;
1;28.12.2011;40,6339;
1;29.12.2011;41,2280;
1;30.12.2011;41,4079;
1;31.12.2011;41,6714;
1;11.01.2012;40,7591;
1;12.01.2012;40,4061;
1;13.01.2012;40,2852;
1;14.01.2012;40,6189;
1;17.01.2012;40,3842;
1;18.01.2012;40,1688;
1;19.01.2012;40,2612;
1;20.01.2012;40,4772;
1;21.01.2012;40,5867;
1;24.01.2012;40,4064;
1;25.01.2012;40,1872;
1;26.01.2012;39,9499;
1;27.01.2012;39,8384;
1;28.01.2012;39,7841;
1;31.01.2012;39,9691;
1;01.02.2012;39,9678;
1;02.02.2012;39,6777;
1;03.02.2012;39,7664;
1;04.02.2012;39,7425;
1;07.02.2012;39,5137;
1;08.02.2012;39,4592;
1;09.02.2012;39,4115;
1;10.02.2012;39,4767;
1;11.02.2012;39,6282;
1;14.02.2012;39,6037;
1;15.02.2012;39,5431;
1;16.02.2012;39,4572;
1;17.02.2012;39,3181;
1;18.02.2012;39,3846;
1;21.02.2012;39,3311;
1;22.02.2012;39,5235;
1;23.02.2012;39,4114;
1;25.02.2012;39,3645;
1;28.02.2012;39,1517;
1;29.02.2012;38,9121;
1;01.03.2012;39,1029;
1;02.03.2012;39,0714;
1;03.03.2012;38,9490;
1;06.03.2012;38,6530;
1;07.03.2012;38,8721;
1;08.03.2012;38,9938;
1;12.03.2012;38,7691;
1;13.03.2012;38,8543;
1;14.03.2012;38,8517;
1;15.03.2012;38,4843;
1;16.03.2012;38,5781;
1;17.03.2012;38,4117;
1;20.03.2012;38,4801;
1;21.03.2012;38,6001;
1;22.03.2012;38,7589;
1;23.03.2012;38,7258;
1;24.03.2012;38,8189;
1;27.03.2012;38,7429;
1;28.03.2012;38,6266;
1;29.03.2012;38,7696;
1;30.03.2012;39,0402;
1;31.03.2012;39,1707;
1;03.04.2012;39,1677;
1;04.04.2012;39,0846;
1;05.04.2012;38,8368;
1;06.04.2012;38,7097;
1;07.04.2012;38,5138;
1;10.04.2012;38,7192;
1;11.04.2012;38,8349;
1;12.04.2012;39,0781;
1;13.04.2012;38,8507;
1;14.04.2012;38,8134;
1;17.04.2012;38,7374;
1;18.04.2012;38,8509;
1;19.04.2012;38,6716;
1;20.04.2012;38,7230;
1;21.04.2012;38,8118;
1;24.04.2012;38,8386;
1;25.04.2012;38,7950;
1;26.04.2012;38,6593;
1;27.04.2012;38,7393;
1;28.04.2012;38,7477;
1;29.04.2012;38,9203;
1;03.05.2012;38,8223;
1;04.05.2012;38,7350;
1;05.05.2012;38,9157;
1;06.05.2012;39,0001;
1;11.05.2012;39,1160;
1;12.05.2012;39,0458;
1;13.05.2012;38,9826;
1;15.05.2012;39,0088;
1;16.05.2012;38,9830;
1;17.05.2012;39,3300;
1;18.05.2012;39,3919;
1;19.05.2012;39,7518;
1;22.05.2012;39,8077;
1;23.05.2012;39,7376;
1;24.05.2012;39,7651;
1;25.05.2012;39,7681;
1;26.05.2012;39,8426;
1;29.05.2012;40,1179;
1;30.05.2012;40,2423;
1;31.05.2012;40,4598;
1;01.06.2012;40,8076;
1;02.06.2012;41,6804;
1;05.06.2012;42,2464;
1;06.06.2012;41,5068;
1;07.06.2012;40,9501;
1;08.06.2012;40,4205;
1;09.06.2012;40,9067;
1;10.06.2012;40,7914;
1;14.06.2012;40,9426;
1;15.06.2012;40,9390;
1;16.06.2012;40,9078;
1;19.06.2012;40,8231;
1;20.06.2012;41,0060;
1;21.06.2012;41,2441;
1;22.06.2012;41,7208;
1;23.06.2012;42,0464;
1;26.06.2012;41,4981;
1;27.06.2012;41,4964;
1;28.06.2012;41,0217;
1;29.06.2012;41,1963;
1;30.06.2012;41,3230;
1;03.07.2012;41,0642;
1;04.07.2012;40,9332;
1;05.07.2012;40,5512;
1;06.07.2012;40,6850;
1;07.07.2012;40,3885;
1;10.07.2012;40,5522;
1;11.07.2012;40,5367;
1;12.07.2012;40,2638;
1;13.07.2012;40,0072;
1;14.07.2012;39,8277;
1;17.07.2012;39,8985;
1;18.07.2012;39,9240;
1;19.07.2012;39,8020;
1;20.07.2012;39,4219;
1;21.07.2012;39,1686;
1;24.07.2012;39,1620;
1;25.07.2012;39,5374;
1;26.07.2012;39,8390;
1;27.07.2012;39,6362;
1;28.07.2012;39,6028;
1;31.07.2012;39,5527;
1;01.08.2012;39,5101;
1;02.08.2012;39,8236;
1;03.08.2012;39,7525;
1;04.08.2012;39,6745;
1;07.08.2012;39,5353;
1;08.08.2012;39,2322;
1;09.08.2012;39,2299;
1;10.08.2012;38,9511;
1;11.08.2012;39,1923;
1;14.08.2012;39,1468;
1;15.08.2012;39,2916;
1;16.08.2012;39,2846;
1;17.08.2012;39,1395;
1;18.08.2012;39,3660;
1;21.08.2012;39,5468;
1;22.08.2012;39,5449;
1;23.08.2012;39,6202;
1;24.08.2012;39,7527;
1;25.08.2012;39,9087;
1;28.08.2012;39,8379;
1;29.08.2012;39,9748;
1;30.08.2012;40,2846;
1;31.08.2012;40,5250;
1;01.09.2012;40,7249;
1;04.09.2012;40,7580;
1;05.09.2012;40,6197;
1;06.09.2012;40,6669;
1;07.09.2012;40,6297;
1;08.09.2012;40,4820;
1;11.09.2012;40,5694;
1;12.09.2012;40,6203;
1;13.09.2012;40,5090;
1;14.09.2012;40,5678;
1;15.09.2012;40,1868;
1;18.09.2012;40,1481;
1;19.09.2012;40,4367;
1;20.09.2012;40,3416;
1;21.09.2012;40,9570;
1;22.09.2012;40,4918;
1;25.09.2012;40,4548;
1;26.09.2012;40,2099;
1;27.09.2012;40,1735;
1;28.09.2012;40,2074;
1;29.09.2012;39,9786;
1;02.10.2012;40,1455;
1;03.10.2012;40,1673;
1;04.10.2012;40,2096;
1;05.10.2012;40,2581;
1;06.10.2012;40,2822;
1;09.10.2012;40,3389;
1;10.10.2012;40,3577;
1;11.10.2012;40,1347;
1;12.10.2012;40,0679;
1;13.10.2012;40,0832;
1;16.10.2012;40,1355;
1;17.10.2012;40,1970;
1;18.10.2012;40,3525;
1;19.10.2012;40,2640;
1;20.10.2012;40,2140;
1;23.10.2012;40,3416;
1;24.10.2012;40,5798;
1;25.10.2012;40,6544;
1;26.10.2012;40,6311;
1;27.10.2012;40,6948;
1;30.10.2012;40,6233;
1;31.10.2012;40,7148;
1;01.11.2012;40,6548;
1;02.11.2012;40,6323;
1;03.11.2012;40,4918;
1;07.11.2012;40,3134;
1;08.11.2012;40,2748;
1;09.11.2012;40,2189;
1;10.11.2012;40,2238;
1;13.11.2012;40,2146;
1;14.11.2012;40,2323;
1;15.11.2012;40,3500;
1;16.11.2012;40,3818;
1;17.11.2012;40,4759;
1;20.11.2012;40,4207;
1;21.11.2012;40,2037;
1;22.11.2012;40,0785;
1;23.11.2012;40,0278;
1;24.11.2012;40,1360;
1;27.11.2012;40,1989;
1;28.11.2012;40,1893;
1;29.11.2012;40,2339;
1;30.11.2012;40,2057;
1;01.12.2012;40,0759;
1;04.12.2012;40,1769;
1;05.12.2012;40,4720;
1;06.12.2012;40,4127;
1;07.12.2012;40,3570;
1;08.12.2012;40,1270;
1;11.12.2012;39,8359;
1;12.12.2012;39,8313;
1;13.12.2012;39,9579;
1;14.12.2012;40,0599;
1;15.12.2012;40,2182;
1;18.12.2012;40,4713;
1;19.12.2012;40,8084;
1;20.12.2012;40,7393;
1;21.12.2012;40,6544;
1;22.12.2012;40,5619;
1;25.12.2012;40,6251;
1;26.12.2012;40,3333;
1;27.12.2012;40,3659;
1;28.12.2012;40,3505;
1;29.12.2012;40,2286;
1;30.12.2012;40,2286;
1;10.01.2013;39,8096;
1;11.01.2013;39,6385;
1;12.01.2013;40,1104;
1;15.01.2013;40,5009;
1;16.01.2013;40,4003;
1;17.01.2013;40,3096;
1;18.01.2013;40,3472;
1;19.01.2013;40,4314;
1;22.01.2013;40,3617;
1;23.01.2013;40,3194;
1;24.01.2013;40,2200;
1;25.01.2013;40,2036;
1;26.01.2013;40,2364;
1;29.01.2013;40,4552;
1;30.01.2013;40,5414;
1;31.01.2013;40,5134;
1;01.02.2013;40,7138;
1;02.02.2013;40,8674;
1;05.02.2013;40,7789;
1;06.02.2013;40,6029;
1;07.02.2013;40,6435;
1;08.02.2013;40,6691;
1;09.02.2013;40,4171;
1;12.02.2013;40,3618;
1;13.02.2013;40,3873;
1;14.02.2013;40,4280;
1;15.02.2013;40,3698;
1;16.02.2013;40,2713;
1;19.02.2013;40,1969;
1;20.02.2013;40,2265;
1;21.02.2013;40,3394;
1;22.02.2013;40,0748;
1;23.02.2013;40,1111;
1;26.02.2013;40,0810;
1;27.02.2013;39,9216;
1;28.02.2013;40,0420;
1;01.03.2013;40,1024;
1;02.03.2013;40,0563;
1;05.03.2013;40,0293;
1;06.03.2013;40,0126;
1;07.03.2013;40,0007;
1;08.03.2013;39,9732;
1;12.03.2013;40,0187;
1;13.03.2013;40,0364;
1;14.03.2013;40,0631;
1;15.03.2013;39,8715;
1;16.03.2013;40,0123;
1;19.03.2013;39,8491;
1;20.03.2013;39,9075;
1;21.03.2013;39,8752;
1;22.03.2013;39,9746;
1;23.03.2013;39,9060;
1;26.03.2013;40,0845;
1;27.03.2013;39,7526;
1;28.03.2013;39,6559;
1;29.03.2013;39,6627;
1;30.03.2013;39,8023;
1;02.04.2013;39,8168;
1;03.04.2013;40,0113;
1;04.04.2013;40,1752;
1;05.04.2013;40,7035;
1;06.04.2013;40,8413;
1;09.04.2013;41,0481;
1;10.04.2013;40,6523;
1;11.04.2013;40,5930;
1;12.04.2013;40,3651;
1;13.04.2013;40,5132;
1;16.04.2013;40,9283;
1;17.04.2013;41,1193;
1;18.04.2013;41,1544;
1;19.04.2013;41,3787;
1;20.04.2013;41,1157;
1;23.04.2013;41,2352;
1;24.04.2013;41,3142;
1;25.04.2013;41,0629;
1;26.04.2013;40,8498;
1;27.04.2013;40,6635;
1;30.04.2013;40,8358;
1;01.05.2013;40,6264;
1;07.05.2013;40,7386;
1;08.05.2013;40,6450;
1;09.05.2013;40,7404;
1;14.05.2013;40,7345;
1;15.05.2013;40,6768;
1;16.05.2013;40,5517;
1;17.05.2013;40,4175;
1;18.05.2013;40,3747;
1;21.05.2013;40,2633;
1;22.05.2013;40,1903;
1;23.05.2013;40,3372;
1;24.05.2013;40,4026;
1;25.05.2013;40,5140;
1;28.05.2013;40,4867;
1;29.05.2013;40,5189;
1;30.05.2013;40,5666;
1;31.05.2013;40,9650;
1;01.06.2013;41,4486;
1;04.06.2013;41,7274;
1;05.06.2013;41,6076;
1;06.06.2013;41,8447;
1;07.06.2013;42,1464;
1;08.06.2013;42,7176;
1;11.06.2013;42,6426;
1;12.06.2013;42,9753;
1;14.06.2013;43,2443;
1;15.06.2013;42,4442;
1;18.06.2013;42,2249;
1;19.06.2013;42,5216;
1;20.06.2013;43,0409;
1;21.06.2013;43,3526;
1;22.06.2013;43,3489;
1;25.06.2013;43,1018;
1;26.06.2013;42,9698;
1;27.06.2013;42,9841;
1;28.06.2013;42,8349;
1;29.06.2013;42,7180;
1;02.07.2013;42,8025;
1;03.07.2013;43,0525;
1;04.07.2013;43,0736;
1;05.07.2013;43,0954;
1;06.07.2013;42,8399;
1;09.07.2013;42,7342;
1;10.07.2013;42,6389;
1;11.07.2013;42,1033;
1;12.07.2013;42,6234;
1;13.07.2013;42,6643;
1;16.07.2013;42,6076;
1;17.07.2013;42,5906;
1;18.07.2013;42,6232;
1;19.07.2013;42,4437;
1;20.07.2013;42,5920;
1;23.07.2013;42,5088;
1;24.07.2013;42,6209;
1;25.07.2013;42,7229;
1;26.07.2013;42,9919;
1;27.07.2013;43,3421;
1;30.07.2013;43,6060;
1;31.07.2013;43,6090;
1;01.08.2013;43,7786;
1;02.08.2013;43,7270;
1;03.08.2013;43,7387;
1;06.08.2013;43,6628;
1;07.08.2013;43,6574;
1;08.08.2013;43,8764;
1;09.08.2013;43,9717;
1;10.08.2013;43,9806;
1;13.08.2013;43,8305;
1;14.08.2013;43,9665;
1;15.08.2013;43,9845;
1;16.08.2013;43,8509;
1;17.08.2013;43,9382;
1;20.08.2013;43,8628;
1;21.08.2013;44,0294;
1;22.08.2013;44,2144;
1;23.08.2013;44,2765;
1;24.08.2013;44,1022;
1;27.08.2013;44,0891;
1;28.08.2013;44,2714;
1;29.08.2013;44,3879;
1;30.08.2013;44,0840;
1;31.08.2013;44,0129;
1;03.09.2013;43,9561;
1;04.09.2013;43,9540;
1;05.09.2013;44,0742;
1;06.09.2013;43,9814;
1;07.09.2013;43,8919;
1;10.09.2013;43,9014;
1;11.09.2013;43,8607;
1;12.09.2013;43,6824;
1;13.09.2013;43,4748;
1;14.09.2013;43,4664;
1;17.09.2013;43,1597;
1;18.09.2013;43,1457;
1;19.09.2013;43,0761;
1;20.09.2013;42,7465;
1;21.09.2013;42,9501;
1;24.09.2013;43,2038;
1;25.09.2013;42,9653;
1;26.09.2013;43,0251;
1;27.09.2013;43,4987;
1;28.09.2013;43,6497;
1;01.10.2013;43,8143;
1;02.10.2013;43,8005;
1;03.10.2013;43,6603;
1;04.10.2013;43,6932;
1;05.10.2013;43,7337;
1;08.10.2013;43,8314;
1;09.10.2013;43,8225;
1;10.10.2013;43,8471;
1;11.10.2013;43,6844;
1;12.10.2013;43,6039;
1;15.10.2013;43,7660;
1;16.10.2013;43,7645;
1;17.10.2013;43,6102;
1;18.10.2013;43,5123;
1;19.10.2013;43,5590;
1;22.10.2013;43,6378;
1;23.10.2013;43,6610;
1;24.10.2013;43,7126;
1;25.10.2013;43,7249;
1;26.10.2013;43,7625;
1;29.10.2013;43,9036;
1;30.10.2013;44,0323;
1;31.10.2013;44,0586;
1;01.11.2013;43,9406;
1;02.11.2013;43,6179;
1;06.11.2013;43,6672;
1;07.11.2013;43,8220;
1;08.11.2013;43,7879;
1;09.11.2013;43,6305;
1;12.11.2013;43,6563;
1;13.11.2013;43,9228;
1;14.11.2013;44,1046;
1;15.11.2013;44,0201;
1;16.11.2013;43,9751;
1;19.11.2013;43,9541;
1;20.11.2013;44,0624;
1;21.11.2013;44,3421;
1;22.11.2013;44,3300;
1;23.11.2013;44,3533;
1;26.11.2013;44,3685;
1;27.11.2013;44,6392;
1;28.11.2013;44,8262;
1;29.11.2013;44,9949;
1;30.11.2013;45,1870;
1;03.12.2013;45,0882;
1;04.12.2013;45,0417;
1;05.12.2013;45,1748;
1;06.12.2013;45,1013;
1;07.12.2013;45,0116;
1;10.12.2013;44,9127;
1;11.12.2013;45,0758;
1;12.12.2013;45,0418;
1;13.12.2013;45,1549;
1;14.12.2013;45,1944;
1;17.12.2013;45,2135;
1;18.12.2013;45,2644;
1;19.12.2013;45,3688;
1;20.12.2013;45,0628;
1;21.12.2013;44,9680;
1;24.12.2013;45,0863;
1;25.12.2013;44,6520;
1;26.12.2013;44,6438;
1;27.12.2013;44,7005;
1;28.12.2013;44,8736;
1;31.12.2013;44,9699;
1;01.01.2014;45,0559;
1;10.01.2014;45,0672;
1;11.01.2014;45,2069;
1;14.01.2014;45,2855;
1;15.01.2014;45,4139;
1;16.01.2014;45,4878;
1;17.01.2014;45,4926;
1;18.01.2014;45,5175;
1;21.01.2014;45,5424;
1;22.01.2014;45,8242;
1;23.01.2014;45,9125;
1;24.01.2014;46,1050;
1;25.01.2014;46,8985;
1;28.01.2014;47,4962;
1;29.01.2014;47,3739;
1;30.01.2014;47,2238;
1;31.01.2014;48,0951;
1;01.02.2014;47,6408;
1;04.02.2014;47,5351;
1;05.02.2014;47,9535;
1;06.02.2014;47,2159;
1;07.02.2014;46,9497;
1;08.02.2014;47,0205;
1;11.02.2014;47,3758;
1;12.02.2014;47,5319;
1;13.02.2014;47,4154;
1;14.02.2014;47,4913;
1;15.02.2014;48,2618;
1;18.02.2014;48,1188;
1;19.02.2014;48,3086;
1;20.02.2014;48,9730;
1;21.02.2014;49,1975;
1;22.02.2014;48,9497;
1;25.02.2014;48,7959;
1;26.02.2014;48,8654;
1;27.02.2014;49,1823;
1;28.02.2014;49,3454;
1;01.03.2014;49,5839;
1;04.03.2014;50,1513;
1;05.03.2014;49,9520;
1;06.03.2014;49,5446;
1;07.03.2014;49,5925;
1;08.03.2014;50,2625;
1;12.03.2014;50,4707;
1;13.03.2014;50,5593;
1;14.03.2014;50,8096;
1;15.03.2014;50,7635;
1;18.03.2014;50,9442;
1;19.03.2014;50,7621;
1;20.03.2014;50,4146;
1;21.03.2014;49,9628;
1;22.03.2014;50,1804;
1;25.03.2014;49,9167;
1;26.03.2014;49,7042;
1;27.03.2014;48,9521;
1;28.03.2014;49,0484;
1;29.03.2014;49,0519;
1;01.04.2014;48,9680;
1;02.04.2014;48,2596;
1;03.04.2014;48,6826;
1;04.04.2014;48,8834;
1;05.04.2014;48,6435;
1;08.04.2014;48,6159;
1;09.04.2014;48,8600;
1;10.04.2014;49,2911;
1;11.04.2014;49,2266;
1;12.04.2014;49,4994;
1;15.04.2014;49,8232;
1;16.04.2014;49,6836;
1;17.04.2014;49,8860;
1;18.04.2014;49,7289;
1;19.04.2014;49,1041;
1;22.04.2014;49,2978;
1;23.04.2014;49,2185;
1;24.04.2014;49,2820;
1;25.04.2014;49,3175;
1;26.04.2014;49,6969;
1;29.04.2014;49,8219;
1;30.04.2014;49,5064;
1;01.05.2014;49,3188;
1;06.05.2014;49,7361;
1;07.05.2014;49,5070;
1;08.05.2014;49,4120;
1;09.05.2014;48,7642;
1;13.05.2014;48,4759;
1;14.05.2014;48,0073;
1;15.05.2014;47,6173;
1;16.05.2014;47,5674;
1;17.05.2014;47,6999;
1;20.05.2014;47,6416;
1;21.05.2014;47,3995;
1;22.05.2014;47,3171;
1;23.05.2014;46,8507;
1;24.05.2014;46,8350;
1;27.05.2014;46,4266;
1;28.05.2014;46,7712;
1;29.05.2014;47,0161;
1;30.05.2014;47,1145;
1;31.05.2014;47,2677;
1;03.06.2014;47,5463;
1;04.06.2014;47,6296;
1;05.06.2014;47,8253;
1;06.06.2014;47,4908;
1;07.06.2014;47,3211;
1;10.06.2014;46,8746;
1;11.06.2014;46,7269;
1;12.06.2014;46,4764;
1;17.06.2014;46,8085;
1;18.06.2014;47,2121;
1;19.06.2014;47,1715;
1;20.06.2014;46,6960;
1;21.06.2014;46,8821;
1;24.06.2014;46,6478;
1;25.06.2014;46,2212;
1;26.06.2014;46,1576;
1;27.06.2014;46,0226;
1;28.06.2014;45,8251;
1;01.07.2014;46,1827;
1;02.07.2014;46,8335;
1;03.07.2014;46,8398;
1;04.07.2014;46,6863;
1;05.07.2014;46,6870;
1;08.07.2014;46,9448;
1;09.07.2014;46,8122;
1;10.07.2014;46,4146;
1;11.07.2014;46,1649;
1;12.07.2014;46,3328;
1;15.07.2014;46,6835;
1;16.07.2014;46,7910;
1;17.07.2014;46,6299;
1;18.07.2014;47,0702;
1;19.07.2014;47,5505;
1;22.07.2014;47,5048;
1;23.07.2014;47,3758;
1;24.07.2014;46,8718;
1;25.07.2014;47,1702;
1;26.07.2014;47,2206;
1;29.07.2014;47,4799;
1;30.07.2014;47,8635;
1;31.07.2014;47,8958;
1;01.08.2014;47,4699;
1;02.08.2014;47,8244;
1;05.08.2014;47,8671;
1;06.08.2014;48,0490;
1;07.08.2014;48,2432;
1;08.08.2014;48,4947;
1;09.08.2014;48,7722;
1;12.08.2014;48,2856;
1;13.08.2014;48,2402;
1;14.08.2014;48,4110;
1;15.08.2014;48,1416;
1;16.08.2014;48,1231;
1;19.08.2014;48,2398;
1;20.08.2014;48,2133;
1;21.08.2014;48,1924;
1;22.08.2014;48,1686;
1;23.08.2014;47,8548;
1;26.08.2014;47,6641;
1;27.08.2014;47,7282;
1;28.08.2014;47,6177;
1;29.08.2014;47,9520;
1;30.08.2014;48,6315;
1;02.09.2014;48,9677;
1;03.09.2014;49,0193;
1;04.09.2014;49,0213;
1;05.09.2014;48,3786;
1;06.09.2014;47,7806;
1;09.09.2014;47,9789;
1;10.09.2014;47,7118;
1;11.09.2014;48,0636;
1;12.09.2014;48,2484;
1;13.09.2014;48,6647;
1;16.09.2014;49,1958;
1;17.09.2014;50,0582;
1;18.09.2014;49,6923;
1;19.09.2014;49,4592;
1;20.09.2014;49,5379;
1;23.09.2014;49,6193;
1;24.09.2014;49,6912;
1;25.09.2014;49,3145;
1;26.09.2014;48,8449;
1;27.09.2014;49,3386;
1;30.09.2014;49,9540;
1;01.10.2014;49,9817;
1;02.10.2014;50,0554;
1;03.10.2014;49,9484;
1;04.10.2014;50,2021;
1;07.10.2014;50,0775;
1;08.10.2014;50,2017;
1;09.10.2014;50,5091;
1;10.10.2014;50,9585;
1;11.10.2014;51,0538;
1;14.10.2014;51,0798;
1;15.10.2014;51,5141;
1;16.10.2014;51,7829;
1;17.10.2014;52,1504;
1;18.10.2014;52,5253;
1;21.10.2014;52,1198;
1;22.10.2014;52,6468;
1;23.10.2014;52,1388;
1;24.10.2014;52,4424;
1;25.10.2014;52,9065;
1;28.10.2014;53,2342;
1;29.10.2014;53,8693;
1;30.10.2014;54,3393;
1;31.10.2014;54,6378;
1;01.11.2014;52,7219;
1;06.11.2014;55,6234;
1;07.11.2014;56,5450;
1;08.11.2014;59,3153;
1;11.11.2014;57,2418;
1;12.11.2014;57,0494;
1;13.11.2014;57,8575;
1;14.11.2014;57,4235;
1;15.11.2014;58,9793;
1;18.11.2014;59,3081;
1;19.11.2014;58,6448;
1;20.11.2014;58,9090;
1;21.11.2014;58,5817;
1;22.11.2014;57,4377;
1;25.11.2014;55,5336;
1;26.11.2014;55,8779;
1;27.11.2014;57,9052;
1;28.11.2014;59,6215;
1;29.11.2014;61,4108;
1;02.12.2014;64,4425;
1;03.12.2014;63,2414;
1;04.12.2014;67,2652;
1;05.12.2014;64,8443;
1;06.12.2014;65,7168;
1;09.12.2014;65,4248;
1;10.12.2014;66,8809;
1;11.12.2014;67,1989;
1;12.12.2014;68,2942;
1;13.12.2014;70,5289;
1;16.12.2014;72,6642;
1;17.12.2014;76,1516;
1;18.12.2014;84,5890;
1;19.12.2014;73,3414;
1;20.12.2014;74,5727;
1;23.12.2014;69,2503;
1;24.12.2014;66,7539;
1;25.12.2014;66,4031;
1;26.12.2014;64,3177;
1;27.12.2014;63,5131;
1;30.12.2014;69,0590;
1;31.12.2014;68,3427;
1;01.01.2015;68,3681;
1;13.01.2015;74,3551;
1;14.01.2015;76,7735;
1;15.01.2015;77,9629;
1;16.01.2015;76,3352;
1;17.01.2015;75,8623;
1;20.01.2015;75,1740;
1;21.01.2015;75,2735;
1;22.01.2015;75,8218;
1;23.01.2015;75,7724;
1;24.01.2015;71,9067;
1;27.01.2015;73,5633;
1;28.01.2015;76,2922;
1;29.01.2015;76,2629;
1;30.01.2015;77,5690;
1;31.01.2015;78,1105;
1;03.02.2015;78,7900;
1;04.02.2015;76,8271;
1;05.02.2015;75,0415;
1;06.02.2015;77,9356;
1;07.02.2015;75,6591;
1;10.02.2015;74,5833;
1;11.02.2015;74,1382;
1;12.02.2015;74,7386;
1;13.02.2015;74,8311;
1;14.02.2015;74,3675;
1;17.02.2015;71,5426;
1;18.02.2015;71,3243;
1;19.02.2015;71,0800;
1;20.02.2015;70,9408;
1;21.02.2015;70,0315;
1;25.02.2015;71,9422;
1;26.02.2015;71,1655;
1;27.02.2015;68,9797;
1;28.02.2015;68,6857;
1;03.03.2015;69,5424;
1;04.03.2015;69,8487;
1;05.03.2015;69,1138;
1;06.03.2015;68,3086;
1;07.03.2015;66,1012;
1;11.03.2015;65,5242;
1;12.03.2015;66,9168;
1;13.03.2015;64,6232;
1;14.03.2015;64,9650;
1;17.03.2015;65,4063;
1;18.03.2015;65,4314;
1;19.03.2015;65,0108;
1;20.03.2015;64,1446;
1;21.03.2015;64,0504;
1;24.03.2015;64,1473;
1;25.03.2015;64,3425;
1;26.03.2015;62,7651;
1;27.03.2015;62,0811;
1;28.03.2015;62,5655;
1;31.03.2015;63,3695;
1;01.04.2015;62,0487;
1;02.04.2015;62,7476;
1;03.04.2015;61,6919;
1;04.04.2015;61,7363;
1;07.04.2015;62,0377;
1;08.04.2015;60,4124;
1;09.04.2015;58,7003;
1;10.04.2015;56,5251;
1;11.04.2015;54,2749;
1;14.04.2015;55,5201;
1;15.04.2015;54,8387;
1;16.04.2015;53,6598;
1;17.04.2015;52,9087;
1;18.04.2015;54,5163;
1;21.04.2015;55,5496;
1;22.04.2015;57,5998;
1;23.04.2015;57,7226;
1;24.04.2015;55,1255;
1;25.04.2015;54,6590;
1;28.04.2015;55,8747;
1;29.04.2015;56,9016;
1;30.04.2015;56,8060;
1;01.05.2015;57,1578;
1;06.05.2015;57,4093;
1;07.05.2015;56,1843;
1;08.05.2015;57,2207;
1;09.05.2015;56,8971;
1;13.05.2015;57,1102;
1;14.05.2015;55,7138;
1;15.05.2015;57,1383;
1;16.05.2015;56,9881;
1;19.05.2015;56,1030;
1;20.05.2015;55,1085;
1;21.05.2015;55,2441;
1;22.05.2015;55,5714;
1;23.05.2015;55,5508;
1;26.05.2015;54,7477;
1;27.05.2015;54,8412;
1;28.05.2015;55,6757;
1;29.05.2015;57,1433;
1;30.05.2015;58,0145;
1;02.06.2015;57,7020;
1;03.06.2015;58,6037;
1;04.06.2015;59,1130;
1;05.06.2015;61,9471;
1;06.06.2015;63,3221;
1;09.06.2015;62,5053;
1;10.06.2015;63,0721;
1;11.06.2015;62,2064;
1;12.06.2015;61,4754;
1;16.06.2015;62,1045;
1;17.06.2015;61,1040;
1;18.06.2015;60,7452;
1;19.06.2015;60,6417;
1;20.06.2015;60,9130;
1;23.06.2015;60,8567;
1;24.06.2015;61,0546;
1;25.06.2015;60,5852;
1;26.06.2015;61,1986;
1;27.06.2015;61,4066;
1;30.06.2015;61,5206;
1;01.07.2015;62,3803;
1;02.07.2015;61,6556;
1;03.07.2015;61,5661;
1;04.07.2015;61,7492;
1;07.07.2015;62,4246;
1;08.07.2015;63,0441;
1;09.07.2015;63,0822;
1;10.07.2015;63,0430;
1;11.07.2015;62,9474;
1;14.07.2015;62,9819;
1;15.07.2015;62,6239;
1;16.07.2015;62,3986;
1;17.07.2015;62,1841;
1;18.07.2015;61,9183;
1;21.07.2015;61,6929;
1;22.07.2015;61,7622;
1;23.07.2015;62,3948;
1;24.07.2015;62,9330;
1;25.07.2015;63,6090;
1;28.07.2015;65,0830;
1;29.07.2015;66,6248;
1;30.07.2015;65,9882;
1;31.07.2015;64,6478;
1;01.08.2015;66,0002;
1;04.08.2015;68,5770;
1;05.08.2015;68,9961;
1;06.08.2015;68,1435;
1;07.08.2015;69,6314;
1;08.08.2015;69,8089;
1;11.08.2015;70,7540;
1;12.08.2015;69,6762;
1;13.08.2015;72,2078;
1;14.08.2015;71,1475;
1;15.08.2015;72,3650;
1;18.08.2015;72,5712;
1;19.08.2015;72,9187;
1;20.08.2015;72,7085;
1;21.08.2015;74,4738;
1;22.08.2015;76,6709;
1;25.08.2015;81,1533;
1;26.08.2015;80,7248;
1;27.08.2015;79,7252;
1;28.08.2015;76,3369;
1;29.08.2015;75,0469;
1;01.09.2015;74,8478;
1;02.09.2015;73,8449;
1;03.09.2015;75,0901;
1;04.09.2015;75,2659;
1;05.09.2015;75,4011;
1;08.09.2015;76,3692;
1;09.09.2015;76,9246;
1;10.09.2015;75,5742;
1;11.09.2015;76,6951;
1;12.09.2015;76,8165;
1;15.09.2015;77,1313;
1;16.09.2015;75,9013;
1;17.09.2015;74,2407;
1;18.09.2015;73,9378;
1;19.09.2015;74,9726;
1;22.09.2015;74,8304;
1;23.09.2015;73,9568;
1;24.09.2015;73,5367;
1;25.09.2015;74,5435;
1;26.09.2015;73,1397;
1;29.09.2015;73,2684;
1;30.09.2015;74,5825;
1;01.10.2015;73,7760;
1;02.10.2015;72,4865;
1;03.10.2015;73,6302;
1;06.10.2015;73,7951;
1;07.10.2015;72,9468;
1;08.10.2015;70,4691;
1;09.10.2015;70,3052;
1;10.10.2015;69,3450;
1;13.10.2015;69,5499;
1;14.10.2015;70,8977;
1;15.10.2015;72,0506;
1;16.10.2015;71,2810;
1;17.10.2015;69,7710;
1;20.10.2015;69,7796;
1;21.10.2015;70,5290;
1;22.10.2015;71,1738;
1;23.10.2015;71,0895;
1;24.10.2015;68,7903;
1;27.10.2015;69,0104;
1;28.10.2015;70,2124;
1;29.10.2015;72,1479;
1;30.10.2015;70,1427;
1;31.10.2015;70,7537;
1;03.11.2015;70,3961;
1;04.11.2015;70,3782;
1;06.11.2015;68,8261;
1;07.11.2015;69,2555;
1;10.11.2015;69,6136;
1;11.11.2015;69,2394;
1;12.11.2015;69,3797;
1;13.11.2015;70,3370;
1;14.11.2015;71,8184;
1;17.11.2015;71,3987;
1;18.11.2015;69,7819;
1;19.11.2015;69,0021;
1;20.11.2015;69,3390;
1;21.11.2015;69,3886;
1;24.11.2015;69,7037;
1;25.11.2015;69,8076;
1;26.11.2015;69,8987;
1;27.11.2015;69,7034;
1;28.11.2015;70,3859;
1;01.12.2015;70,6478;
1;02.12.2015;70,1345;
1;03.12.2015;70,8647;
1;04.12.2015;71,7404;
1;05.12.2015;73,6721;
1;08.12.2015;74,4079;
1;09.12.2015;75,3111;
1;10.12.2015;75,5595;
1;11.12.2015;76,0674;
1;12.12.2015;75,7472;
1;15.12.2015;76,9659;
1;16.12.2015;78,2312;
1;17.12.2015;77,0400;
1;18.12.2015;76,6788;
1;19.12.2015;77,4052;
1;22.12.2015;77,4830;
1;23.12.2015;77,6145;
1;24.12.2015;77,5443;
1;25.12.2015;76,0441;
1;26.12.2015;77,0500;
1;29.12.2015;77,6032;
1;30.12.2015;79,5470;
1;31.12.2015;79,6972;
1;01.01.2016;79,6395;
1;12.01.2016;82,8090;
1;13.01.2016;83,4372;
1;14.01.2016;82,7175;
1;15.01.2016;83,1499;
1;16.01.2016;83,2951;
1;19.01.2016;85,6220;
1;20.01.2016;85,2988;
1;21.01.2016;87,0341;
1;22.01.2016;91,1814;
1;23.01.2016;87,2266;
1;26.01.2016;84,1603;
1;27.01.2016;88,8858;
1;28.01.2016;85,8459;
1;29.01.2016;84,1370;
1;30.01.2016;81,9077;
1;02.02.2016;82,8141;
1;03.02.2016;84,9719;
1;04.02.2016;86,5115;
1;05.02.2016;84,8104;
1;06.02.2016;86,5754;
1;09.02.2016;85,6543;
1;10.02.2016;88,0435;
1;11.02.2016;89,2213;
1;12.02.2016;89,3439;
1;13.02.2016;89,8454;
1;16.02.2016;87,1905;
1;17.02.2016;85,0894;
1;18.02.2016;86,9588;
1;19.02.2016;84,0521;
1;20.02.2016;84,9187;
1;21.02.2016;85,8563;
1;25.02.2016;84,0779;
1;26.02.2016;84,2155;
1;27.02.2016;82,9748;
1;01.03.2016;83,1023;
1;02.03.2016;80,5333;
1;03.03.2016;79,9721;
1;04.03.2016;80,2100;
1;05.03.2016;80,1161;
1;10.03.2016;79,4488;
1;11.03.2016;77,9817;
1;12.03.2016;78,4131;
1;15.03.2016;78,1798;
1;16.03.2016;78,3285;
1;17.03.2016;78,7532;
1;18.03.2016;77,1572;
1;19.03.2016;77,1992;
1;22.03.2016;77,4647;
1;23.03.2016;76,1400;
1;24.03.2016;75,6902;
1;25.03.2016;76,9290;
1;26.03.2016;76,4004;
1;29.03.2016;75,6975;
1;30.03.2016;76,8611;
1;31.03.2016;76,5386;
1;01.04.2016;76,9207;
1;02.04.2016;76,4266;
1;05.04.2016;78,1662;
1;06.04.2016;78,2798;
1;07.04.2016;77,8130;
1;08.04.2016;77,3688;
1;09.04.2016;76,6888;
1;12.04.2016;76,4957;
1;13.04.2016;75,8529;
1;14.04.2016;74,6578;
1;15.04.2016;74,7940;
1;16.04.2016;74,3405;
1;19.04.2016;77,1273;
1;20.04.2016;74,3719;
1;21.04.2016;75,0107;
1;22.04.2016;73,4592;
1;23.04.2016;74,6959;
1;26.04.2016;74,9515;
1;27.04.2016;74,9024;
1;28.04.2016;73,8023;
1;29.04.2016;73,9166;
1;30.04.2016;73,3015;
1;05.05.2016;76,0512;
1;06.05.2016;75,5713;
1;07.05.2016;75,5789;
1;11.05.2016;75,5406;
1;12.05.2016;75,4505;
1;13.05.2016;74,1137;
1;14.05.2016;73,6248;
1;17.05.2016;73,4549;
1;18.05.2016;73,1006;
1;19.05.2016;73,3077;
1;20.05.2016;74,2755;
1;21.05.2016;74,4623;
1;24.05.2016;75,2675;
1;25.05.2016;75,0349;
1;26.05.2016;73,4596;
1;27.05.2016;72,8418;
1;28.05.2016;73,8474;
1;31.05.2016;73,4970;
1;01.06.2016;73,4406;
1;02.06.2016;74,2098;
1;03.06.2016;74,8191;
1;04.06.2016;74,5610;
1;07.06.2016;74,6907;
1;08.06.2016;74,1164;
1;09.06.2016;73,5538;
1;10.06.2016;72,5682;
1;11.06.2016;73,1909;
1;15.06.2016;74,3174;
1;16.06.2016;73,9441;
1;17.06.2016;74,2460;
1;18.06.2016;73,5609;
1;21.06.2016;72,7792;
1;22.06.2016;72,7865;
1;23.06.2016;71,8082;
1;24.06.2016;72,9016;
1;25.06.2016;72,6582;
1;28.06.2016;71,9420;
1;29.06.2016;71,7117;
1;30.06.2016;71,2102;
1;01.07.2016;71,2926;
1;02.07.2016;71,0519;
1;05.07.2016;70,8553;
1;06.07.2016;71,6327;
1;07.07.2016;71,5135;
1;08.07.2016;70,9482;
1;09.07.2016;71,1684;
1;12.07.2016;70,8152;
1;13.07.2016;70,9833;
1;14.07.2016;70,5577;
1;15.07.2016;70,5644;
1;16.07.2016;70,3395;
1;19.07.2016;69,7741;
1;20.07.2016;69,6974;
1;21.07.2016;69,6967;
1;22.07.2016;70,3022;
1;23.07.2016;71,2513;
1;26.07.2016;71,2090;
1;27.07.2016;72,3478;
1;28.07.2016;72,5150;
1;29.07.2016;73,4047;
1;30.07.2016;74,3799;
1;02.08.2016;73,6523;
1;03.08.2016;74,9007;
1;04.08.2016;74,7978;
1;05.08.2016;73,9232;
1;06.08.2016;73,0303;
1;09.08.2016;72,1476;
1;10.08.2016;71,7556;
1;11.08.2016;72,2349;
1;12.08.2016;72,4644;
1;13.08.2016;71,7158;
1;16.08.2016;71,7263;
1;17.08.2016;71,9645;
1;18.08.2016;72,0832;
1;19.08.2016;71,9371;
1;20.08.2016;72,4558;
1;23.08.2016;72,4457;
1;24.08.2016;73,4733;
1;25.08.2016;73,2074;
1;26.08.2016;73,2135;
1;27.08.2016;73,0892;
1;30.08.2016;72,7996;
1;31.08.2016;72,5013;
1;01.09.2016;72,6859;
1;02.09.2016;72,6828;
1;03.09.2016;73,7199;
1;06.09.2016;72,3742;
1;07.09.2016;72,3639;
1;08.09.2016;72,4022;
1;09.09.2016;72,0464;
1;10.09.2016;72,3359;
1;13.09.2016;73,1986;
1;14.09.2016;72,7559;
1;15.09.2016;72,9460;
1;16.09.2016;73,2126;
1;17.09.2016;73,0208;
1;20.09.2016;72,4477;
1;21.09.2016;72,5279;
1;22.09.2016;71,8404;
1;23.09.2016;71,6728;
1;24.09.2016;71,5854;
1;27.09.2016;72,0604;
1;28.09.2016;71,6409;
1;29.09.2016;71,5738;
1;30.09.2016;70,8823;
1;01.10.2016;70,9338;
1;04.10.2016;70,2411;
1;05.10.2016;69,7556;
1;06.10.2016;70,0782;
1;07.10.2016;69,8518;
1;08.10.2016;69,2312;
1;11.10.2016;69,7253;
1;12.10.2016;69,1231;
1;13.10.2016;69,1173;
1;14.10.2016;69,7255;
1;15.10.2016;69,3746;
1;18.10.2016;69,3587;
1;19.10.2016;69,2608;
1;20.10.2016;68,7674;
1;21.10.2016;68,4741;
1;22.10.2016;68,0267;
1;25.10.2016;67,7302;
1;26.10.2016;67,4958;
1;27.10.2016;67,9253;
1;28.10.2016;68,7576;
1;29.10.2016;68,6783;
1;01.11.2016;69,2863;
1;02.11.2016;69,3647;
1;03.11.2016;70,2339;
1;04.11.2016;70,5977;
1;08.11.2016;70,6944;
1;09.11.2016;70,4542;
1;10.11.2016;71,3491;
1;11.11.2016;69,3392;
1;12.11.2016;71,1253;
1;15.11.2016;71,0488;
1;16.11.2016;70,6156;
1;17.11.2016;69,2388;
1;18.11.2016;69,4984;
1;19.11.2016;68,9889;
1;22.11.2016;68,3611;
1;23.11.2016;67,5413;
1;24.11.2016;68,0540;
1;25.11.2016;68,0855;
1;26.11.2016;68,4363;
1;29.11.2016;69,1608;
1;30.11.2016;68,8416;
1;01.12.2016;69,3417;
1;02.12.2016;67,6162;
1;03.12.2016;68,4703;
1;06.12.2016;67,7660;
1;07.12.2016;68,6902;
1;08.12.2016;68,5002;
1;09.12.2016;68,2458;
1;10.12.2016;67,2086;
1;13.12.2016;65,0720;
1;14.12.2016;64,9774;
1;15.12.2016;64,7543;
1;16.12.2016;64,6139;
1;17.12.2016;64,4809;
1;20.12.2016;64,6727;
1;21.12.2016;64,2006;
1;22.12.2016;63,6086;
1;23.12.2016;63,5604;
1;24.12.2016;63,5425;
1;27.12.2016;63,7285;
1;28.12.2016;63,5730;
1;29.12.2016;63,4879;
1;30.12.2016;63,0214;
1;31.12.2016;63,8111;
1;10.01.2017;63,1125;
1;11.01.2017;63,5445;
1;12.01.2017;63,5184;
1;13.01.2017;63,2759;
1;14.01.2017;63,1222;
1;17.01.2017;63,2308;
1;18.01.2017;63,2864;
1;19.01.2017;63,2252;
1;20.01.2017;63,1803;
1;21.01.2017;63,7272;
1;24.01.2017;63,9424;
1;25.01.2017;63,6225;
1;26.01.2017;63,4254;
1;27.01.2017;64,0248;
1;28.01.2017;64,3429;
1;31.01.2017;64,4333;
1;01.02.2017;64,2850;
1;02.02.2017;65,0322;
1;03.02.2017;64,7307;
1;04.02.2017;63,8156;
1;07.02.2017;63,1566;
1;08.02.2017;63,2362;
1;09.02.2017;63,4467;
1;10.02.2017;63,0253;
1;11.02.2017;62,6824;
1;14.02.2017;61,7662;
1;15.02.2017;61,2955;
1;16.02.2017;60,0249;
1;17.02.2017;60,6540;
1;18.02.2017;61,4496;
1;21.02.2017;61,6987;
1;22.02.2017;61,2090;
1;23.02.2017;60,4535;
1;28.02.2017;61,2569;
1;01.03.2017;61,3883;
1;02.03.2017;61,5417;
1;03.03.2017;61,5198;
1;04.03.2017;61,9850;
1;07.03.2017;61,8606;
1;08.03.2017;61,7063;
1;10.03.2017;61,9911;
1;11.03.2017;62,7408;
1;14.03.2017;63,2661;
1;15.03.2017;62,7447;
1;16.03.2017;62,8428;
1;17.03.2017;62,4897;
1;18.03.2017;62,3722;
1;21.03.2017;61,6956;
1;22.03.2017;61,7308;
1;23.03.2017;62,2699;
1;24.03.2017;62,0959;
1;25.03.2017;61,8636;
1;28.03.2017;61,9615;
1;29.03.2017;61,8102;
1;30.03.2017;61,5347;
1;31.03.2017;60,5950;
1;01.04.2017;59,8107;
1;04.04.2017;59,8953;
1;05.04.2017;60,2427;
1;06.04.2017;59,6948;
1;07.04.2017;60,0827;
1;08.04.2017;60,5687;
1;11.04.2017;60,7469;
1;12.04.2017;60,3042;
1;13.04.2017;60,2631;
1;14.04.2017;60,2867;
1;15.04.2017;59,7791;
1;18.04.2017;59,8393;
1;19.04.2017;59,6124;
1;20.04.2017;60,2649;
1;21.04.2017;60,6139;
1;22.04.2017;60,3187;
1;25.04.2017;60,8461;
1;26.04.2017;60,7932;
1;27.04.2017;61,5052;
1;28.04.2017;62,1664;
1;29.04.2017;62,0440;
1;03.05.2017;62,1515;
1;04.05.2017;62,3224;
1;05.05.2017;62,7298;
1;06.05.2017;64,2398;
1;11.05.2017;63,2634;
1;12.05.2017;62,1595;
1;13.05.2017;62,0915;
1;16.05.2017;61,8449;
1;17.05.2017;62,0382;
1;18.05.2017;62,9568;
1;19.05.2017;63,9967;
1;20.05.2017;63,6479;
1;23.05.2017;63,1713;
1;24.05.2017;63,6189;
1;25.05.2017;62,9203;
1;26.05.2017;63,0116;
1;27.05.2017;63,6689;
1;30.05.2017;63,3684;
1;31.05.2017;62,9484;
1;01.06.2017;63,4107;
1;02.06.2017;63,5310;
1;03.06.2017;63,6092;
1;06.06.2017;63,8110;
1;07.06.2017;63,7817;
1;08.06.2017;63,7179;
1;09.06.2017;64,1488;
1;10.06.2017;63,7852;
1;14.06.2017;63,7729;
1;15.06.2017;63,9481;
1;16.06.2017;64,2795;
1;17.06.2017;64,4561;
1;20.06.2017;64,8614;
1;21.06.2017;65,3210;
1;22.06.2017;66,7980;
1;23.06.2017;67,1495;
1;24.06.2017;66,6780;
1;27.06.2017;66,0816;
1;28.06.2017;65,9563;
1;29.06.2017;67,6868;
1;30.06.2017;67,4993;
1;01.07.2017;67,8072;
1;04.07.2017;67,2016;
1;05.07.2017;67,2966;
1;06.07.2017;67,6754;
1;07.07.2017;68,3814;
1;08.07.2017;68,9470;
1;11.07.2017;68,7737;
1;12.07.2017;69,2007;
1;13.07.2017;69,4494;
1;14.07.2017;68,8139;
1;15.07.2017;68,3597;
1;18.07.2017;67,6184;
1;19.07.2017;68,4008;
1;20.07.2017;68,2762;
1;21.07.2017;68,0037;
1;22.07.2017;68,6623;
1;25.07.2017;69,4708;
1;26.07.2017;69,7005;
1;27.07.2017;69,6816;
1;28.07.2017;69,6406;
1;29.07.2017;69,6779;
1;01.08.2017;70,4603;
1;02.08.2017;70,7313;
1;03.08.2017;71,6866;
1;04.08.2017;71,9527;
1;05.08.2017;71,6879;
1;08.08.2017;70,8414;
1;09.08.2017;70,8405;
1;10.08.2017;70,4183;
1;11.08.2017;70,2677;
1;12.08.2017;70,7502;
1;15.08.2017;70,6645;
1;16.08.2017;70,3718;
1;17.08.2017;69,9958;
1;18.08.2017;69,6531;
1;19.08.2017;69,7197;
1;22.08.2017;69,4314;
1;23.08.2017;69,5900;
1;24.08.2017;69,5619;
1;25.08.2017;69,7434;
1;26.08.2017;69,6995;
1;29.08.2017;69,8465;
1;30.08.2017;70,4316;
1;31.08.2017;70,2007;
1;01.09.2017;69,6222;
1;02.09.2017;68,9992;
1;05.09.2017;68,7256;
1;06.09.2017;68,7782;
1;07.09.2017;68,4165;
1;08.09.2017;68,2436;
1;09.09.2017;68,6923;
1;12.09.2017;68,6490;
1;13.09.2017;68,5469;
1;14.09.2017;69,0977;
1;15.09.2017;68,6950;
1;16.09.2017;68,5801;
1;19.09.2017;68,7514;
1;20.09.2017;69,6785;
1;21.09.2017;69,7664;
1;22.09.2017;69,2635;
1;23.09.2017;69,0737;
1;26.09.2017;68,5553;
1;27.09.2017;68,0215;
1;28.09.2017;68,1678;
1;29.09.2017;68,6441;
1;30.09.2017;68,4483;
1;03.10.2017;67,9076;
1;04.10.2017;67,9839;
1;05.10.2017;67,9357;
1;06.10.2017;67,7787;
1;07.10.2017;67,5344;
1;10.10.2017;68,3861;
1;11.10.2017;68,3557;
1;12.10.2017;68,5032;
1;13.10.2017;68,4455;
1;14.10.2017;68,1409;
1;17.10.2017;67,2988;
1;18.10.2017;67,4596;
1;19.10.2017;67,3577;
1;20.10.2017;67,9333;
1;21.10.2017;67,8927;
1;24.10.2017;67,5567;
1;25.10.2017;67,6856;
1;26.10.2017;67,7713;
1;27.10.2017;68,2890;
1;28.10.2017;67,5276;
1;31.10.2017;67,2179;
1;01.11.2017;67,6434;
1;02.11.2017;67,7107;
1;03.11.2017;67,6770;
1;04.11.2017;68,0822;
1;08.11.2017;67,7677;
1;09.11.2017;68,7040;
1;10.11.2017;68,7865;
1;11.11.2017;68,9791;
1;14.11.2017;68,9178;
1;15.11.2017;69,6787;
1;16.11.2017;71,1721;
1;17.11.2017;70,7040;
1;18.11.2017;70,3604;
1;21.11.2017;69,6654;
1;22.11.2017;69,8184;
1;23.11.2017;69,4030;
1;24.11.2017;69,1783;
1;25.11.2017;69,3309;
1;28.11.2017;69,4957;
1;29.11.2017;69,4934;
1;30.11.2017;69,2040;
1;01.12.2017;69,5185;
1;02.12.2017;69,7478;
1;05.12.2017;69,9104;
1;06.12.2017;69,6327;
1;07.12.2017;69,7060;
1;08.12.2017;69,9323;
1;09.12.2017;69,6434;
1;12.12.2017;69,8023;
1;13.12.2017;69,2982;
1;14.12.2017;69,4653;
1;15.12.2017;69,4048;
1;16.12.2017;69,4298;
1;19.12.2017;69,0946;
1;20.12.2017;69,1735;
1;21.12.2017;69,5033;
1;22.12.2017;69,5220;
1;23.12.2017;69,1268;
1;26.12.2017;69,0937;
1;27.12.2017;68,5422;
1;28.12.2017;68,2328;
1;29.12.2017;68,7861;
1;30.12.2017;68,8668;
1;10.01.2018;68,2103;
1;11.01.2018;67,8841;
1;12.01.2018;68,0586;
1;13.01.2018;68,2562;
1;16.01.2018;68,8174;
1;17.01.2018;69,0243;
1;18.01.2018;69,1730;
1;19.01.2018;69,2582;
1;20.01.2018;69,3953;
1;23.01.2018;69,2650;
1;24.01.2018;69,0702;
1;25.01.2018;69,4484;
1;26.01.2018;69,4580;
1;27.01.2018;69,6073;
1;30.01.2018;69,8513;
1;31.01.2018;69,5424;
1;01.02.2018;69,9322;
1;02.02.2018;69,7921;
1;03.02.2018;70,0958;
1;06.02.2018;70,4959;
1;07.02.2018;70,9294;
1;08.02.2018;70,5310;
1;09.02.2018;70,7713;
1;10.02.2018;71,3943;
1;13.02.2018;71,2450;
1;14.02.2018;71,1670;
1;15.02.2018;71,2329;
1;16.02.2018;70,6718;
1;17.02.2018;70,6471;
1;20.02.2018;69,9001;
1;21.02.2018;69,8928;
1;22.02.2018;69,8087;
1;23.02.2018;69,6341;
1;27.02.2018;68,9224;
1;28.02.2018;68,6599;
1;01.03.2018;68,9062;
1;02.03.2018;68,8826;
1;03.03.2018;69,4671;
1;06.03.2018;70,1702;
1;07.03.2018;69,7317;
1;08.03.2018;70,5299;
1;13.03.2018;69,7972;
1;14.03.2018;70,1564;
1;15.03.2018;70,5338;
1;16.03.2018;70,5151;
1;17.03.2018;70,8099;
1;20.03.2018;70,6049;
1;21.03.2018;71,2347;
1;22.03.2018;70,5699;
1;23.03.2018;70,3100;
1;24.03.2018;70,4303;
1;27.03.2018;70,5708;
1;28.03.2018;71,2625;
1;29.03.2018;71,3339;
1;30.03.2018;71,0942;
1;31.03.2018;70,5618;
1;03.04.2018;70,6038;
1;04.04.2018;70,9207;
1;05.04.2018;70,9580;
1;06.04.2018;70,5926;
1;07.04.2018;70,7069;
1;10.04.2018;71,8847;
1;11.04.2018;76,8522;
1;12.04.2018;79,2839;
1;13.04.2018;76,7569;
1;14.04.2018;75,7507;
1;17.04.2018;76,8403;
1;18.04.2018;75,8448;
1;19.04.2018;76,0868;
1;20.04.2018;75,4034;
1;21.04.2018;75,6532;
1;24.04.2018;75,7924;
1;25.04.2018;75,2121;
1;26.04.2018;75,3281;
1;27.04.2018;76,1812;
1;28.04.2018;75,7605;
1;29.04.2018;75,2056;
1;04.05.2018;76,1261;
1;05.05.2018;75,6392;
1;08.05.2018;74,8125;
1;09.05.2018;75,0409;
1;11.05.2018;74,1772;
1;12.05.2018;73,5145;
1;15.05.2018;73,9430;
1;16.05.2018;73,8601;
1;17.05.2018;73,7796;
1;18.05.2018;73,0236;
1;19.05.2018;73,1769;
1;22.05.2018;73,3321;
1;23.05.2018;72,2390;
1;24.05.2018;72,1826;
1;25.05.2018;72,0082;
1;26.05.2018;72,1183;
1;29.05.2018;72,8322;
1;30.05.2018;72,5269;
1;31.05.2018;72,5211;
1;01.06.2018;72,5806;
1;02.06.2018;72,7183;
1;05.06.2018;72,4384;
1;06.06.2018;72,5130;
1;07.06.2018;72,8637;
1;08.06.2018;73,0686;
1;09.06.2018;73,7916;
1;10.06.2018;73,3654;
1;14.06.2018;74,1365;
1;15.06.2018;73,5621;
1;16.06.2018;72,5329;
1;19.06.2018;73,4825;
1;20.06.2018;74,1847;
1;21.06.2018;73,6118;
1;22.06.2018;73,6871;
1;23.06.2018;73,7247;
1;26.06.2018;73,3112;
1;27.06.2018;73,4087;
1;28.06.2018;73,6038;
1;29.06.2018;73,0884;
1;30.06.2018;72,9921;
1;03.07.2018;73,4690;
1;04.07.2018;73,7012;
1;05.07.2018;73,7097;
1;06.07.2018;73,9641;
1;07.07.2018;73,9028;
1;10.07.2018;73,9365;
1;11.07.2018;73,3470;
1;12.07.2018;72,8472;
1;13.07.2018;72,6817;
1;14.07.2018;72,4659;
1;17.07.2018;72,7955;
1;18.07.2018;73,2427;
1;19.07.2018;73,1345;
1;20.07.2018;73,4808;
1;21.07.2018;73,9327;
1;24.07.2018;74,1286;
1;25.07.2018;73,5261;
1;26.07.2018;73,7510;
1;27.07.2018;73,8181;
1;28.07.2018;73,3442;
1;31.07.2018;73,2021;
1;01.08.2018;73,0738;
1;02.08.2018;73,1064;
1;03.08.2018;73,4206;
1;04.08.2018;73,4744;
1;07.08.2018;73,4095;
1;08.08.2018;73,5632;
1;09.08.2018;73,8211;
1;10.08.2018;76,8250;
1;11.08.2018;76,6760;
1;14.08.2018;77,6519;
1;15.08.2018;76,2325;
1;16.08.2018;75,2253;
1;17.08.2018;76,0576;
1;18.08.2018;76,1848;
1;21.08.2018;76,7204;
1;22.08.2018;77,3491;
1;23.08.2018;78,1983;
1;24.08.2018;79,2502;
1;25.08.2018;78,4072;
1;28.08.2018;78,2269;
1;29.08.2018;78,7600;
1;30.08.2018;79,5594;
1;31.08.2018;79,6765;
1;01.09.2018;79,4966;
1;04.09.2018;78,6376;
1;05.09.2018;79,0200;
1;06.09.2018;79,1362;
1;07.09.2018;79,3685;
1;08.09.2018;80,3562;
1;11.09.2018;80,6702;
1;12.09.2018;81,3942;
1;13.09.2018;80,6488;
1;14.09.2018;79,7699;
1;15.09.2018;79,9521;
1;18.09.2018;79,3595;
1;19.09.2018;79,1749;
1;20.09.2018;78,3613;
1;21.09.2018;77,7529;
1;22.09.2018;78,0753;
1;25.09.2018;77,6844;
1;26.09.2018;77,3832;
1;27.09.2018;77,3846;
1;28.09.2018;77,0407;
1;29.09.2018;76,2294;
1;02.10.2018;75,9877;
1;03.10.2018;75,2272;
1;04.10.2018;75,7353;
1;05.10.2018;76,0505;
1;06.10.2018;76,6610;
1;09.10.2018;76,9870;
1;10.10.2018;76,2110;
1;11.10.2018;76,0710;
1;12.10.2018;77,0824;
1;13.10.2018;76,5047;
1;16.10.2018;76,0540;
1;17.10.2018;75,9236;
1;18.10.2018;75,6512;
1;19.10.2018;75,5692;
1;20.10.2018;75,3241;
1;23.10.2018;75,3702;
1;24.10.2018;74,8584;
1;25.10.2018;75,0806;
1;26.10.2018;74,9851;
1;27.10.2018;74,6658;
1;30.10.2018;75,0399;
1;31.10.2018;74,7918;
1;01.11.2018;74,4189;
1;02.11.2018;74,5803;
1;03.11.2018;74,9906;
1;07.11.2018;75,3158;
1;08.11.2018;75,6817;
1;09.11.2018;75,6711;
1;10.11.2018;75,8076;
1;13.11.2018;76,0926;
1;14.11.2018;76,0737;
1;15.11.2018;76,7556;
1;16.11.2018;75,5358;
1;17.11.2018;74,9022;
1;20.11.2018;75,3218;
1;21.11.2018;75,1825;
1;22.11.2018;75,1483;
1;23.11.2018;74,8048;
1;24.11.2018;74,9385;
1;27.11.2018;75,5655;
1;28.11.2018;75,6217;
1;29.11.2018;75,5191;
1;30.11.2018;75,8897;
1;01.12.2018;75,7484;
1;04.12.2018;75,3874;
1;05.12.2018;75,6562;
1;06.12.2018;75,7051;
1;07.12.2018;75,6071;
1;08.12.2018;76,0777;
1;11.12.2018;75,7075;
1;12.12.2018;75,6197;
1;13.12.2018;75,2168;
1;14.12.2018;75,3916;
1;15.12.2018;75,3890;
1;18.12.2018;75,3814;
1;19.12.2018;75,7761;
1;20.12.2018;76,4742;
1;21.12.2018;76,9377;
1;22.12.2018;77,9717;
1;25.12.2018;77,8886;
1;26.12.2018;78,4309;
1;27.12.2018;78,5237;
1;28.12.2018;78,3880;
1;29.12.2018;79,6581;
1;30.12.2018;79,4605;
1;10.01.2019;76,9066;
1;11.01.2019;77,2105;
1;12.01.2019;77,1282;
1;15.01.2019;77,0692;
1;16.01.2019;76,9498;
1;17.01.2019;76,1350;
1;18.01.2019;75,6330;
1;19.01.2019;75,5841;
1;22.01.2019;75,5481;
1;23.01.2019;75,5541;
1;24.01.2019;75,3861;
1;25.01.2019;75,0306;
1;26.01.2019;74,6312;
1;29.01.2019;75,1932;
1;30.01.2019;75,8811;
1;31.01.2019;75,5706;
1;01.02.2019;75,2006;
1;02.02.2019;75,1480;
1;05.02.2019;75,0565;
1;06.02.2019;74,9127;
1;07.02.2019;74,7703;
1;08.02.2019;74,9656;
1;09.02.2019;74,8954;
1;12.02.2019;74,3243;
1;13.02.2019;74,1459;
1;14.02.2019;74,3872;
1;15.02.2019;75,0471;
1;16.02.2019;75,2492;
1;19.02.2019;74,9055;
1;20.02.2019;74,8151;
1;21.02.2019;74,6816;
1;22.02.2019;74,2963;
1;23.02.2019;74,3332;
1;26.02.2019;74,0876;
1;27.02.2019;74,4898;
1;28.02.2019;74,8249;
1;01.03.2019;74,9691;
1;02.03.2019;74,8048;
1;05.03.2019;74,7438;
1;06.03.2019;74,5058;
1;07.03.2019;74,4158;
1;08.03.2019;74,5730;
1;12.03.2019;74,2896;
1;13.03.2019;74,0672;
1;14.03.2019;74,0237;
1;15.03.2019;74,0613;
1;16.03.2019;74,0686;
1;19.03.2019;73,3610;
1;20.03.2019;72,9995;
1;21.03.2019;72,9389;
1;22.03.2019;72,7870;
1;23.03.2019;72,5900;
1;26.03.2019;72,9229;
1;27.03.2019;72,5808;
1;28.03.2019;72,7182;
1;29.03.2019;72,8884;
1;30.03.2019;72,7230;
1;02.04.2019;73,4967;
1;03.04.2019;73,3162;
1;04.04.2019;73,1725;
1;05.04.2019;73,4223;
1;06.04.2019;73,4392;
1;09.04.2019;73,3617;
1;10.04.2019;72,9708;
1;11.04.2019;72,9460;
1;12.04.2019;72,6551;
1;13.04.2019;72,8398;
1;16.04.2019;72,7018;
1;17.04.2019;72,6515;
1;18.04.2019;72,3602;
1;19.04.2019;72,2440;
1;20.04.2019;71,9232;
1;23.04.2019;71,7210;
1;24.04.2019;71,7453;
1;25.04.2019;71,7150;
1;26.04.2019;72,1111;
1;27.04.2019;72,0882;
1;30.04.2019;72,2024;
1;01.05.2019;72,3096;
1;07.05.2019;73,1099;
1;08.05.2019;73,0817;
1;09.05.2019;73,0888;
1;14.05.2019;73,5231;
1;15.05.2019;73,3712;
1;16.05.2019;72,6891;
1;17.05.2019;72,3651;
1;18.05.2019;72,2464;
1;21.05.2019;71,9631;
1;22.05.2019;71,9654;
1;23.05.2019;71,8427;
1;24.05.2019;71,8369;
1;25.05.2019;72,3186;
1;28.05.2019;72,1863;
1;29.05.2019;72,1680;
1;30.05.2019;72,4118;
1;31.05.2019;72,4229;
1;01.06.2019;72,8436;
1;04.06.2019;73,2180;
1;05.06.2019;73,4239;
1;06.06.2019;73,3690;
1;07.06.2019;73,2708;
1;08.06.2019;73,2605;
1;11.06.2019;73,2148;
1;12.06.2019;73,0448;
1;14.06.2019;73,0141;
1;15.06.2019;72,6993;
1;18.06.2019;72,1077;
1;19.06.2019;72,2291;
1;20.06.2019;71,6377;
1;21.06.2019;71,5457;
1;22.06.2019;71,3490;
1;25.06.2019;71,5973;
1;26.06.2019;71,2323;
1;27.06.2019;71,3816;
1;28.06.2019;71,6635;
1;29.06.2019;71,8179;
1;02.07.2019;71,3962;
1;03.07.2019;71,4080;
1;04.07.2019;71,6034;
1;05.07.2019;71,5420;
1;06.07.2019;71,6593;
1;09.07.2019;71,7067;
1;10.07.2019;71,4626;
1;11.07.2019;71,5631;
1;12.07.2019;71,0073;
1;13.07.2019;71,0114;
1;16.07.2019;70,8574;
1;17.07.2019;70,6771;
1;18.07.2019;70,5552;
1;19.07.2019;70,6068;
1;20.07.2019;70,7941;
1;23.07.2019;70,6546;
1;24.07.2019;70,6350;
1;25.07.2019;70,3241;
1;26.07.2019;70,2940;
1;27.07.2019;70,3110;
1;30.07.2019;70,6417;
1;31.07.2019;70,5980;
1;01.08.2019;70,7355;
1;02.08.2019;70,4727;
1;03.08.2019;71,7077;
1;06.08.2019;72,3732;
1;07.08.2019;73,0730;
1;08.08.2019;72,8914;
1;09.08.2019;73,0432;
1;10.08.2019;73,0196;
1;13.08.2019;73,1231;
1;14.08.2019;73,4149;
1;15.08.2019;72,9037;
1;16.08.2019;73,4550;
1;17.08.2019;73,2227;
1;20.08.2019;73,9484;
1;21.08.2019;73,9766;
1;22.08.2019;73,4989;
1;23.08.2019;72,8312;
1;24.08.2019;72,6243;
1;27.08.2019;73,3955;
1;28.08.2019;73,6091;
1;29.08.2019;73,6583;
1;30.08.2019;73,9558;
1;31.08.2019;73,3847;
